<?xml version="1.0" encoding="UTF-8"?>
<project-private xmlns="http://www.netbeans.org/ns/project-private/1">
    <editor-bookmarks xmlns="http://www.netbeans.org/ns/editor-bookmarks/2" lastBookmarkId="0"/>
    <open-files xmlns="http://www.netbeans.org/ns/projectui-open-files/2">
        <group>
            <file>file:/home/e13175/NetBeansProjects/Address_Book/src/java/NewEntryServlet.java</file>
            <file>file:/home/e13175/NetBeansProjects/Address_Book/src/java/AddressBook.java</file>
            <file>file:/home/e13175/NetBeansProjects/Address_Book/web/new.html</file>
            <file>file:/home/e13175/NetBeansProjects/Address_Book/web/WEB-INF/web.xml</file>
            <file>file:/home/e13175/NetBeansProjects/Address_Book/web/addressBook.txt</file>
        </group>
    </open-files>
</project-private>
